ID,name,createdAt,createdBy,modifiedAt,modifiedBy
20197346-2c39-49dc-85e9-0d138c3477cb,name-20197346,2007-10-07T00:00:00.000Z,createdBy.c0wde@example.com,2009-02-19T00:00:00.000Z,modifiedBy.c0wde@example.com
29682306-78b4-4302-988a-bb64201eed73,name-29682306,2018-01-02T00:00:00.000Z,createdBy.ho70i@example.net,2020-08-07T00:00:00.000Z,modifiedBy.ho70i@example.net
29682307-cbef-48e4-a246-d1f422fc66ca,name-29682307,2020-05-27T00:00:00.000Z,createdBy.ho70j@example.net,2016-04-17T00:00:00.000Z,modifiedBy.ho70j@example.com
29682308-b40d-4aeb-8406-58910bff7e4a,name-29682308,2006-05-07T00:00:00.000Z,createdBy.ho70k@example.com,2002-10-23T00:00:00.000Z,modifiedBy.ho70k@example.net
29682309-7a8d-4395-9c3c-4d77dee73a31,name-29682309,2022-04-02T00:00:00.000Z,createdBy.ho70l@example.com,2018-09-20T00:00:00.000Z,modifiedBy.ho70l@example.net
29682310-001f-465d-966a-aa493f8ed315,name-29682310,2017-04-01T00:00:00.000Z,createdBy.ho70m@example.net,2012-06-19T00:00:00.000Z,modifiedBy.ho70m@example.org
29682311-c63e-4e3f-8612-586ba4f3794d,name-29682311,2004-10-23T00:00:00.000Z,createdBy.ho70n@example.org,2017-02-05T00:00:00.000Z,modifiedBy.ho70n@example.net
29682312-4740-4538-9470-bf65ddc3d81b,name-29682312,2004-12-31T00:00:00.000Z,createdBy.ho70o@example.com,2013-07-13T00:00:00.000Z,modifiedBy.ho70o@example.net
29682313-cde8-49a5-8a9f-a1bdb9d7fe8c,name-29682313,2011-08-17T00:00:00.000Z,createdBy.ho70p@example.com,2023-07-19T00:00:00.000Z,modifiedBy.ho70p@example.net
29682314-af79-4cca-a161-81cd3ccecacf,name-29682314,2001-05-19T00:00:00.000Z,createdBy.ho70q@example.com,2006-02-10T00:00:00.000Z,modifiedBy.ho70q@example.net